Symbol,Company Name
MODEFENCE,Nifty India Defence Total Return Index
HEALTHIETF,Nifty Healthcare Index
GROWWDEFNC,Nifty India Defence Index- Total Return Index
MOCAPITAL,Nifty Capital Market Total Return Index
GROWWNET,Index
HNGSNGBEES,Hang Seng Index
AXISHCETF,Nifty Healthcare Index
HEALTHADD,DSP Nifty Healthcare ETF
INTERNET,Equity Index
TATSILV,Tata Silver Exchange Traded Fund
SILVERADD,DSP Silver ETF
NEXT30ADD,BSE SENSEX Next 30 Index
MOHEALTH,Motilal Oswal S&P BSE Healthcare ETF
HDFCSILVER,HDFC Silver ETF
AXISILVER,Axis Silver ETF
SILVERETF,UTI Silver Exchange Traded Fund (UTI Silver ETF)
SILVERBEES,Domestic price of Silver- based on LBMA Silver daily spot fixing price
SILVER1,Kotak Silver ETF
SBISILVER,SBI SILVER ETF
NIFTYQLITY,Aditya Birla Sun Life Nifty 200 Quality 30 ETF
ESILVER,Edelweiss Silver ETF
EVIETF,Nifty EV & New Age Automotive ETF
SILVERCASE,Commodity-Silver
SILVERIETF,Domestic Price of Silver
SILVRETF,Mirae Asset Silver ETF
SILVER,Physical price of Silver
METALIETF,Nifty Metal Index
GROWWSLVR,Commodity-Silver
PHARMABEES,Nifty Pharma TRI
MOTOUR,Nifty India Tourism Total Return Index
MOMOMENTUM,Nifty 200 Momentum 30 Total Return Index
METAL,Nifty Metal Total Return Index
MOMENTUM,Aditya Birla Sun Life Nifty 200 Momentum 30 ETF
AUTOIETF,Nifty Auto Index
SELECTIPO,BSE Select IPO Index
NIF10GETF,UTI Nifty 10 yr Benchmark G-Sec ETF
FINIETF,ICICI Prudential Nifty Financial Services Ex-Bank ETF
SNXT30BEES,BSE Sensex Next 30 Index
SILVER360,Commodity-Silver
ALPHAETF,Mirae Asset Nifty 200 Alpha 30 ETF
MIDCAP,Nifty Midcap 50 Index
MOM30IETF,ICICI Prudential Nifty 200 Momentum 30 ETF
MOMENTUM50,Nifty 500 Momentum 50 Total Return Index
HDFCMOMENT,HDFC NIFTY200 Momentum 30 ETF
AUTOBEES,Nifty Auto TRI
GROWWLOVOL,Nifty 500 Low Volatility 50 Index TRI
ALPHA,NIFTY Alpha 50 Index
EMULTIMQ,Nifty500 Multicap Momentum Quality 50 Total Return Index
MOALPHA50,Nifty Alpha 50 Total Return Index
MID150CASE,Zerodha Nifty Midcap 150 ETF
UTISXN50,BSE Sensex Next 50
EVINDIA,Nifty EV and New Age Automotive Total Return Index
NIF100BEES,Nifty 100 TRI
NIFMID150,UTI Nifty Midcap 150 Exchange Traded Fund (ETF)
TOP100CASE,Zerodha Nifty 100 ETF
MON100,Nasdaq100
HDFCNIF100,HDFC NIFTY 100 ETF
ALPL30IETF,Nifty Alpha Low-Volatility 30 Index
TNIDETF,Nifty India Digital Index
MOVALUE,Motilal Oswal S&P BSE Enhanced Value ETF
MAKEINDIA,Nifty India Manufacturing Total Return Index
VAL30IETF,Nifty200 Value 30 Index
NIFTY50ADD,Nifty 50 Index
GROWWEV,Nifty EV and New Age Automotive Index
LOWVOLIETF,Nifty 100 Low Volatility 30 Index
CONSUMBEES,Nifty India Consumption TRI
CPSEETF,CPSE ETF
ESG,NIFTY100 ESG SECTOR LEADERS
CONSUMER,Nifty India New AgeConsumption
MOSMALL250,Motilal Oswal Nifty Smallcap 250 ETF
LOWVOL,Mirae Asset Nifty 100 Low Volatility 30 ETF
HDFCSML250,HDFC NIFTY Smallcap 250 ETF
MOQUALITY,Motilal Oswal S&P BSE Quality ETF
INFRAIETF,ICICI Prudential Nifty Infrastructure ETF
LICNMID100,LIC MF Nifty Midcap 100 ETF
IDFNIFTYET,Nifty 50
GOLD360,Commodity-Gold
HDFCMID150,HDFC NIFTY Midcap 150 ETF
AONENIFTY,Nifty 50 Index
MIDCAPETF,Mirae Asset Mutual Fund - Mirae Asset Nifty Midcap 150 ETF
MSCIINDIA,MSCI India Index
MOMIDMTM,Nifty Midcap 150 Momentum 50 Total Return Index
JUNIORBEES,Nippon India ETF Nifty Next 50 Junior BeES
CONSUMIETF,Nifty India Consumption Index
EQUAL50,Nifty50 Equal Weight
NEXT50,Nifty Next 50
MONIFTY500,Motilal Oswal Nifty 500 ETF
MAHKTECH,Hang Seng TECH Total Return Index
MIDQ50ADD,Nifty Midcap 150 Quality 50 Index
AXISVALUE,Nifty500 Value 50 TRI
NIFTYIETF,Nifty 50
GROWWNIFTY,Nifty 50 Index - TRI
ABSLPSE,Aditya Birla Sun Life Nifty PSE ETF
TOP15IETF,Nifty Top 15 Equal Weight Index
BSE500IETF,S&P BSE 500 index
SHARIABEES,Shariah
NETF,Tata Nifty 50 Exchange Traded Fund
HDFCNIFTY,Nifty 50
ABSLNN50ET,Nifty Next 50
MOPSE,Nifty PSE Total Return Index
PVTBANKADD,DSP Nifty Private Bank ETF
MOM100,Nifty Midcap 100
MID150BEES,Nifty Midcap 150 TRI
BFSI,Nifty Financial Services Index
NIFTYETF,Nifty 50
EQUAL50ADD,NIFTY 50 Equal Weight Index
EQUAL200,BSE 200 Equal Weight
MOLOWVOL,Nifty Midcap 100 TRI
NIF100IETF,Nifty 100
HEALTHY,Nifty Healthcare TRI
SMALLCAP,Mirae Asset Nifty Smallcap 250 Momentum Quality 100 ETF
NV20BEES,Nifty50 Value20 TRI
NIFTYBEES,Nifty 50
MIDSELIETF,S&P BSE Midcap Select Index
HDFCNEXT50,HDFC NIFTY NEXT 50 ETF
MOM50,Nifty 50
AONETOTAL,Nifty Total Market Index
BANKETF,Mirae Asset Nifty Bank ETF
MULTICAP,Nifty500 Multicap 50:25:25 Index
SENSEXETF,Mirae Asset S&P BSE Sensex ETF
SENSEXIETF,SENSEX
MON50EQUAL,Nifty 50 Equal Weight Total Return Index
BSLSENETFG,BSE SENSEX Index
NEXT50IETF,Nifty Next 50
PVTBANIETF,Nifty Private Bank Index
GOLDIETF,Gold
SBINEQWETF,Nifty50 Equal Weight
MIDSMALL,Mirae Asset Nifty MidSmallcap400 Momentum Quality 100 ETF
GOLD1,Gold
QUAL30IETF,ICICI Prudential Nifty 200 Quality 30 ETF
HDFCQUAL,HDFC NIFTY100 Quality 30 ETF
NPBET,Nifty Private Bank Index
MIDCAPIETF,Nifty Midcap 150
AXISNIFTY,Nifty 50
NV20,Nifty50 Value 20
MONEXT50,Nifty Next 50 Total Return Index
SBIETFCON,Nifty India Consumption Index
MOMGF,Nifty India Manufacturing Total Return Index
SETFGOLD,Gold
SETFNIF50,Nifty 50
LICNETFN50,Nifty 50
IVZINGOLD,Gold
NIFTYBETF,Bajaj Finserv Nifty 50 ETF
GOLDCASE,Zerodha Gold ETF
BANKBETF,Bajaj Finserv Nifty Bank ETF
MNC,Kotak Nifty MNC ETF
GROWWRAIL,Nifty India Railways PSU Index
UTINIFTETF,Nifty 50
GROWWN200,Nifty 200 Index- Total Return Index
GOLDSHARE,Gold
HDFCLOWVOL,HDFC NIFTY100 Low Volatility 30 ETF
INFRABEES,Nifty Infra
HDFCVALUE,HDFC NIFTY50 Value 20 ETF
MOREALTY,Motilal Oswal Nifty Realty ETF
NIFTY1,Nifty 50
MOINFRA,BSE India Infrastructure Total Return Index
GOLDETF,Mirae Asset Gold ETF
HDFCGOLD,Gold
GSEC5IETF,Nifty 5 yr Benchmark G-Sec Index
HDFCPVTBAN,HDFC NIFTY Private Bank ETF
TECH,Nifty IT TRI Index
SETFNIFBK,Nifty Bank
TOP10ADD,Nifty Top 10 Equal Weight Index
TATAGOLD,Tata Gold Exchange Traded Fund
GOLDBEES,Gold
QGOLDHALF,Gold
UTISENSETF,SENSEX
SDL26BEES,Nifty SDL Apr 2026 Top 20 Equal Weight Index
HDFCSENSEX,SENSEX
MID150,Nifty Midcap 150 Index
ABSLBANETF,Nifty Bank
AXISCETF,NIFTY India Consumption Index
GROWWGOLD,Commodity
CONS,Kotak Nifty India Consumption ETF
AXISGOLD,Gold
BANKIETF,Nifty Bank
SBIBPB,BSE PSU Bank Index TRI
BANKBEES,Nifty Bank
ECAPINSURE,BSE Capital Markets & Insurance Total Return Index
DIVOPPBEES,Nifty Dividend Opportunities 50 TRI
BBNPPGOLD,Baroda BNP Paribas Gold ETF
ICICIB22,S&P BSE BHARAT 22 index
COMMOIETF,ICICI Prudential Nifty Commodities ETF
EGOLD,Edelweiss Gold ETF
SBIETFQLTY,Nifty 200 Quality 30 Index
QNIFTY,Nifty 50
AXISBNKETF,Nifty Bank
BSLNIFTY,Nifty 50
OILIETF,Nifty Oil & Gas Index
SBIETFPB,Nifty Private Bank Index
SETFNN50,Nifty Next 50
HDFCGROWTH,HDFC NIFTY Growth Sectors 15 ETF
BSLGOLDETF,Gold
HDFCBSE500,HDFC S&P BSE 500 ETF
LICMFGOLD,Gold
NV20IETF,Nifty50 Value 20
LICNETFSEN,SENSEX
UTIBANKETF,Nifty Bank
HDFCNIFBAN,Nifty Bank
BANKNIFTY1,Nifty Bank
GOLDETFADD,DSP Gold ETF
SBILIQETF,Nifty 1D Rate Index
LOWVOL1,Kotak Nifty 100 Low Vol 30 ETF
NIFTY100EW,Nifty 100 Equal Weight Index
EBBETF0430,Nifty BHARAT Bond
UTINEXT50,Nifty Next 50
HDFCNIFIT,HDFC NIFTY IT ETF
BBNPNBETF,Baroda BNP Paribas NIFTY Bank ETF
ITETFADD,DSP Nifty IT ETF
SENSEXADD,DSP S&P BSE Sensex ETF
ITIETF,Nifty IT Index
IT,NIFTY IT Index
ITBEES,Nifty IT TRI
FMCGIETF,Nifty FMCG Index
MONQ50,Nasdaq Q-50 Total Return Index
GROWWLIQID,Nifty 1D Rate Index
LIQUIDCASE,Zerodha Nifty 1D Rate Liquid ETF
HDFCLIQUID,HDFC Nifty 1D Rate Liquid ETF
LIQUID1,Kotak Nifty 1D Rate Liquid ETF
LIQGRWBEES,Liquid
CASHIETF,BSE Liquid Rate Index
LIQUIDADD,DSP S&P BSE Liquid Rate ETF
LIQUIDBETF,Bajaj Finserv Nifty 1D Rate Liquid ETF
AONELIQUID,Nifty 1D Rate Index
LIQUIDPLUS,Nifty 1D Rate Index
LIQUIDSHRI,SHRIRAM NIFTY 1D RATE LIQUID ETF
LIQUIDBEES,Government Securities
ABSLLIQUID,Aditya Birla Sun Life CRISIL Overnight Fund AI ETF
MOGOLD,Domestic Price of Physical Gold
LIQUIDIETF,S&P BSE Liquid Rate Index
IVZINNIFTY,Nifty 50
LIQUIDETF,Nifty1D rate index
EBBETF0431,Nifty BHARAT Bond
LIQUID,Mirae Asset Nifty 1D Rate Liquid ETF
LIQUIDSBI,SBI NIFTY 1D Rate ETF
GSEC10ABSL,CRISIL 10 Year Gilt ETF
HDFCPSUBK,HDFC NIFTY PSU BANK ETF
ITETF,Mirae Asset Nifty IT ETF
BBETF0432,Nifty BHARAT Bond Index - April 2032
BANKPSU,Nifty PSU Bank Total Return Index
BANKETFADD,DSP Nifty Bank ETF
PSUBNKBEES,Nifty PSU Bank
SBIETFIT,Nifty IT Index
SETF10GILT,Nifty 10 yr Benchmark G-Sec Index
EBBETF0433,BHARAT Bond ETF-April 2033
AXSENSEX,AXIS S&P BSE SENSEX ETF
LTGILTBEES,NIFTY 8-13 yr G-Sec Index
UNIONGOLD,Commodity Gold
GILT5YBEES,Nifty 5 yr Benchmark G-Sec Index
NIFITETF,UTI Nifty IT ETF
NIF5GETF,UTI Nifty 5 yr Benchmark G-Sec ETF
QUALITY30,Nifty200 Quality 30 Index
AXISBPSETF,Nifty AAA Bond Plus SDL Apr 2026 50:50 Index
AXISTECETF,NIFTY IT Index
LICNETFGSC,GSEC10 NSE Index
EBANKNIFTY,Edelweiss Nifty Bank ETF
PSUBANK,Nifty PSU Bank
GSEC10IETF,ICICI Prudential Nifty 10 yr Benchmark G-Sec ETF
GSEC10YEAR,Mirae Asset Nifty 8-13 yr G-Sec ETF
GROWWMOM50,Nifty 500 Momentum 50 Index- Total Return Index
PSUBNKIETF,ICICI Prudential Nifty PSU Bank ETF
MAFANG,NYSE FANG+ Total Return Index
GROWWPOWER,BSE Power Index - TRI
MASPTOP50,S&P 500 Top 50 Total Return Index
LICNFNHGP,Nifty 100
ABGSEC,Aditya Birla Sun Life CRISIL Broad Based Gilt ETF
MOGSEC,Nifty 5 yr Benchmark G-Sec Index
PSUBANKADD,DSP Nifty PSU Bank ETF